{
    "left_chest": [
        -0.06056699901819229,
        1.2957019805908203,
        0.05093799903988838
    ],
    "middle_chest": [
        0.0,
        1.2918800115585327,
        0.03596099838614464
    ],
    "right_chest": [
        0.06056699901819229,
        1.2957019805908203,
        0.05093799903988838
    ],
    "middle_middle_chest": [
        0.0,
        1.240820050239563,
        -0.024802999570965767
    ],
    "left_waist": [
        -0.06280399858951569,
        1.1019099950790405,
        -0.016587000340223312
    ],
    "right_waist": [
        0.06280499696731567,
        1.1019099950790405,
        -0.016587000340223312
    ],
    "middle_waist": [
        0.0,
        1.0922750234603882,
        -0.04447999969124794
    ],
    "left_back": [
        -0.06654500216245651,
        1.2893270254135132,
        0.14289699494838715
    ],
    "middle_back": [
        -0.0,
        1.2945259809494019,
        0.133650004863739
    ],
    "right_back": [
        0.08559300005435944,
        1.2865879535675049,
        0.1428239941596985
    ],
    "middle_middle_back": [
        -0.0,
        1.206676959991455,
        0.11658699810504913
    ],
    "left_down_back": [
        -0.0521869994699955,
        1.1116000413894653,
        0.07327800244092941
    ],
    "middle_down_back": [
        -0.0,
        1.108152985572815,
        0.08233299851417542
    ],
    "right_down_back": [
        0.05821999907493591,
        1.1114530563354492,
        0.0688679963350296
    ],
    "front_left_head": [
        -0.029193999245762825,
        1.53506600856781,
        -0.027062999084591866
    ],
    "front_right_head": [
        0.0262449998408556,
        1.5335659980773926,
        -0.026415999978780746
    ],
    "top_head": [
        -0.0,
        1.5834330320358276,
        0.018283000215888023
    ],
    "back_left_head": [
        -0.044957999140024185,
        1.5718510150909424,
        0.14150799810886383
    ],
    "back_right_head": [
        0.044957999140024185,
        1.5718510150909424,
        0.14150799810886383
    ],
    "top_left_arm": [
        -0.1441980004310608,
        1.174936056137085,
        0.12028799951076508
    ],
    "outter_left_elbow": [
        -0.15975899994373322,
        1.060897946357727,
        0.12858599424362183
    ],
    "inner_left_elbow": [
        -0.11250899732112885,
        1.0354150533676147,
        0.11350300163030624
    ],
    "lower_left_arm": [
        -0.20169000327587128,
        0.9735479950904846,
        0.10700400173664093
    ],
    "front_left_wrist": [
        -0.21910899877548218,
        0.8795850276947021,
        0.05372999981045723
    ],
    "back_left_wrist": [
        -0.21396799385547638,
        0.8675410151481628,
        0.0947989970445633
    ],
    "top_right_arm": [
        0.14420799911022186,
        1.1749379634857178,
        0.12028899788856506
    ],
    "outter_right_elbow": [
        0.16369900107383728,
        1.0487689971923828,
        0.12897400557994843
    ],
    "inner_right_elbow": [
        0.10916899889707565,
        1.0665960311889648,
        0.1125119999051094
    ],
    "lower_right_arm": [
        0.2017190009355545,
        0.9735540151596069,
        0.10701300203800201
    ],
    "front_right_wrist": [
        0.22136199474334717,
        0.8784329891204834,
        0.049557000398635864
    ],
    "back_right_wrist": [
        0.2187889963388443,
        0.8651970028877258,
        0.09894700348377228
    ],
    "left_upper_leg": [
        -0.11567699909210205,
        0.6833980083465576,
        0.035638999193906784
    ],
    "left_outter_knee": [
        -0.07791700214147568,
        0.5143370032310486,
        0.04202499985694885
    ],
    "left_inner_knee": [
        -0.0031900000758469105,
        0.5056620240211487,
        0.03067000024020672
    ],
    "left_lower_leg": [
        -0.08750300109386444,
        0.3575339913368225,
        0.13002599775791168
    ],
    "left_ankle": [
        -0.05660900101065636,
        0.12159699946641922,
        0.22642700374126434
    ],
    "left_front_foot": [
        -0.03260999917984009,
        0.030566999688744545,
        0.10741300135850906
    ],
    "left_back_foot": [
        -0.03254599869251251,
        0.09448999911546707,
        0.2703869938850403
    ],
    "right_upper_leg": [
        0.11621399968862534,
        0.7093999981880188,
        -0.09369999915361404
    ],
    "right_outter_knee": [
        0.07993000000715256,
        0.5492960214614868,
        -0.1515759974718094
    ],
    "right_inner_knee": [
        0.0017330000409856439,
        0.5477150082588196,
        -0.15431900322437286
    ],
    "right_lower_leg": [
        0.0850600004196167,
        0.3753589987754822,
        -0.1083339974284172
    ],
    "right_ankle": [
        0.049814000725746155,
        0.1389710009098053,
        -0.08603499829769135
    ],
    "right_front_foot": [
        0.017122000455856323,
        0.030789999291300774,
        -0.2040800005197525
    ],
    "right_back_foot": [
        0.02547300048172474,
        0.09324400126934052,
        -0.0414079986512661
    ]
}