{
    "left_chest": [
        0.11024337261915207,
        0.09216097742319107,
        0.027973385527729988
    ],
    "middle_chest": [
        4.6415129872912075e-06,
        0.09672706574201584,
        0.04015190526843071
    ],
    "right_chest": [
        -0.09274916350841522,
        0.0899823009967804,
        0.03234754875302315
    ],
    "middle_middle_chest": [
        2.5996509975811932e-06,
        -0.02514011226594448,
        0.10691684484481812
    ],
    "left_waist": [
        0.1232248917222023,
        -0.33902251720428467,
        0.0827832818031311
    ],
    "right_waist": [
        -0.12322692573070526,
        -0.33902227878570557,
        0.08277536183595657
    ],
    "middle_waist": [
        -4.444995482799641e-08,
        -0.36592814326286316,
        0.13182297348976135
    ],
    "left_back": [
        0.12561962008476257,
        0.12764127552509308,
        -0.09195298701524734
    ],
    "middle_back": [
        2.202327777922619e-06,
        0.1175926998257637,
        -0.10701652616262436
    ],
    "right_back": [
        -0.10274368524551392,
        0.11629325896501541,
        -0.11028780788183212
    ],
    "middle_middle_back": [
        3.2364280855290417e-07,
        -0.01792069524526596,
        -0.13480836153030396
    ],
    "left_down_back": [
        0.11680496484041214,
        -0.28455883264541626,
        -0.09056267142295837
    ],
    "middle_down_back": [
        7.931231493785162e-07,
        -0.28571125864982605,
        -0.10923285782337189
    ],
    "right_down_back": [
        -0.1168038547039032,
        -0.2845558822154999,
        -0.09056435525417328
    ],
    "front_left_head": [
        0.03740677610039711,
        0.3662327527999878,
        0.06512384861707687
    ],
    "front_right_head": [
        -0.03740949556231499,
        0.3662309944629669,
        0.06512106209993362
    ],
    "top_head": [
        -1.8175638842876651e-06,
        0.41459178924560547,
        0.018446171656250954
    ],
    "back_left_head": [
        0.038696691393852234,
        0.3637584149837494,
        -0.10057105123996735
    ],
    "back_right_head": [
        -0.038699474185705185,
        0.3637559413909912,
        -0.10057047754526138
    ],
    "top_left_arm": [
        0.3128674626350403,
        0.09608224034309387,
        -0.04641255736351013
    ],
    "outter_left_elbow": [
        0.40561017394065857,
        0.08656606078147888,
        -0.05447216331958771
    ],
    "inner_left_elbow": [
        0.41780972480773926,
        -0.005984742194414139,
        -0.05525996908545494
    ],
    "lower_left_arm": [
        0.5947147607803345,
        0.06993795186281204,
        -0.06350161135196686
    ],
    "front_left_wrist": [
        0.6682831048965454,
        0.04096388816833496,
        -0.030986763536930084
    ],
    "back_left_wrist": [
        0.6746945977210999,
        0.0441310778260231,
        -0.0889114961028099
    ],
    "top_right_arm": [
        -0.31286829710006714,
        0.09607970714569092,
        -0.04641227796673775
    ],
    "outter_right_elbow": [
        -0.40626949071884155,
        0.08619631826877594,
        -0.038804106414318085
    ],
    "inner_right_elbow": [
        -0.4431767463684082,
        -0.00496309669688344,
        -0.06748712062835693
    ],
    "lower_right_arm": [
        -0.5553287267684937,
        0.07528900355100632,
        -0.05579401180148125
    ],
    "front_right_wrist": [
        -0.6682813763618469,
        0.04096081480383873,
        -0.030981600284576416
    ],
    "back_right_wrist": [
        -0.6740630865097046,
        0.0342559888958931,
        -0.0894664004445076
    ],
    "left_upper_leg": [
        0.17800618708133698,
        -0.6054720282554626,
        -0.01659185066819191
    ],
    "left_outter_knee": [
        0.15057797729969025,
        -0.7770988941192627,
        -0.016606148332357407
    ],
    "left_inner_knee": [
        0.030942726880311966,
        -0.8282113075256348,
        -0.028930721804499626
    ],
    "left_lower_leg": [
        0.1586829423904419,
        -1.0053616762161255,
        -0.05374222621321678
    ],
    "left_ankle": [
        0.12575776875019073,
        -1.2051122188568115,
        -0.07396785914897919
    ],
    "left_front_foot": [
        0.10911731421947479,
        -1.272886872291565,
        0.07815643399953842
    ],
    "left_back_foot": [
        0.0962861031293869,
        -1.2448655366897583,
        -0.1113630011677742
    ],
    "right_upper_leg": [
        -0.16943404078483582,
        -0.6449069976806641,
        0.020137149840593338
    ],
    "right_outter_knee": [
        -0.15019699931144714,
        -0.80281662940979,
        -0.016792476177215576
    ],
    "right_inner_knee": [
        -0.03094865195453167,
        -0.8282098770141602,
        -0.028930865228176117
    ],
    "right_lower_leg": [
        -0.1586875021457672,
        -1.005362629890442,
        -0.05373934283852577
    ],
    "right_ankle": [
        -0.12675057351589203,
        -1.205012559890747,
        -0.056466709822416306
    ],
    "right_front_foot": [
        -0.10911870747804642,
        -1.2728843688964844,
        0.07815423607826233
    ],
    "right_back_foot": [
        -0.09628117084503174,
        -1.2448666095733643,
        -0.11136551946401596
    ]
}